,Title,Author,title,firstAuthor
0,Molière En Ménage,Abel JANNET,Molière En Ménage,Jeannet
1,Une Collaboration,Albert père LAMBERT,Une Collaboration,Lambert
2,Lami Des Femmes,Alexandre Fils DUMAS,Lami Des Femmes,Siraudin
3,Le Fils Naturel,Alexandre Fils DUMAS,Le Fils Naturel,Diderot
4,Don Juan De Marana,Alexandre Père DUMAS,Don Juan De Marana,Dumas
5,Catilina,Alexandre Père - Auguste DUMAS MAQUET,Catilina,Crébillon
6,La Fausse Alarme,Alexis PIRON,La Fausse Alarme,Piron
7,Gustave Wasa,Alexis PIRON,Gustave Wasa,Piron
8,André Del Sarto,Alfred de MUSSET,André Del Sarto,Musset
9,Barberine,Alfred de MUSSET,Barberine,Musset
10,Un Caprice,Alfred de MUSSET,Un Caprice,Musset
11,Les Caprices De Marianne,Alfred de MUSSET,Les Caprices De Marianne,Musset
12,Le Chandelier,Alfred de MUSSET,Le Chandelier,Musset
13,La Coupe Et Les Lèvres,Alfred de MUSSET,La Coupe Et Les Lèvres,Musset
14,Fantasio,Alfred de MUSSET,Fantasio,Musset
15,Il Ne Faut Jurer De Rien,Alfred de MUSSET,Il Ne Faut Jurer De Rien,Musset
16,Lorenzaccio,Alfred de MUSSET,Lorenzaccio,Musset
17,Louison,Alfred de MUSSET,Louison,Musset
18,La Nuit Vénitienne,Alfred de MUSSET,La Nuit Vénitienne,Musset
19,On Ne Badine Pas Avec Lamour,Alfred de MUSSET,On Ne Badine Pas Avec Lamour,Musset
20,Molière,Alphonse-François DERCY,Molière,Joliet
21,Molière,Alphonse-François DERCY,Molière,Joly
22,Molière,Alphonse-François DERCY,Molière,Sand
23,La Cour Bergère,André MARESCHAL,La Cour Bergère,Mareschal
24,Le Railleur,André MARESCHAL,Le Railleur,Mareschal
25,Célinde,Balthazar BARO,Célinde,Baro
26,La Clorise,Balthazar BARO,La Clorise,Baro
27,La Parthénie,Balthazar BARO,La Parthénie,Baro
28,Le Prince Fugitif,Balthazar BARO,Le Prince Fugitif,Baro
29,Saint Eustache Martyr,Balthazar BARO,Saint Eustache Martyr,Baro
30,Poinsinet Et Molière,Barthélémy IMBERT,Poinsinet Et Molière,Imbert
31,Lautre Tartuffe, BEAUMARCHAIS,Lautre Tartuffe,Beaumarchais
32,Les Deux Amis, BEAUMARCHAIS,Les Deux Amis,Carmontelle
33,Molière En Voyage,Benjamin PIFTEAU,Molière En Voyage,Pifteau
34,Lamant Ridicule, BOISROBERT,Lamant Ridicule,Boisrobert
35,Les Rivaux Amis, BOISROBERT,Les Rivaux Amis,Boisrobert
36,Lombre De Molière, BRÉCOURT,Lombre De Molière,Barbier
37,Lombre De Molière, BRÉCOURT,Lombre De Molière,Brécourt
38,Racine Chez Corneille, BRÛLEBŒUF-LETOURNAN,Racine Chez Corneille,Bruleboeuf-Letournan
39,Les Comédiens,Casimir DELAVIGNE,Les Comédiens,Delavigne
40,Les Vêpres Siciliennes,Casimir DELAVIGNE,Les Vêpres Siciliennes,Delavigne
41,Les Fragments De Molière, CHAMPMESLÉ,Les Fragments De Molière,Champmeslé
42,Les Adieux Des Officiers,Charles DUFRESNY,Les Adieux Des Officiers,Dufresny
43,Le Chevalier Joueur,Charles DUFRESNY,Le Chevalier Joueur,Dufresny
44,Le Dédit,Charles DUFRESNY,Le Dédit,Dufresny
45,Le Dédit,Charles DUFRESNY,Le Dédit,Garnier
46,Le Départ Des Comédiens,Charles DUFRESNY,Le Départ Des Comédiens,Dufresny
47,Le Double Veuvage,Charles DUFRESNY,Le Double Veuvage,Dufresny
48,Lesprit De Contradiction,Charles DUFRESNY,Lesprit De Contradiction,Dufresny
49,Le Faux Honnête Homme,Charles DUFRESNY,Le Faux Honnête Homme,Dufresny
50,Le Faux Instinct,Charles DUFRESNY,Le Faux Instinct,Dufresny
51,Le Faux Sincère,Charles DUFRESNY,Le Faux Sincère,Dufresny
52,La Joueuse,Charles DUFRESNY,La Joueuse,Dufresny
53,La Malade Sans Maladie,Charles DUFRESNY,La Malade Sans Maladie,Dufresny
54,Les Malassortis,Charles DUFRESNY,Les Malassortis,Dufresny
55,Le Mariage Fait Et Rompu,Charles DUFRESNY,Le Mariage Fait Et Rompu,Dufresny
56,Le Négligent,Charles DUFRESNY,Le Négligent,Dufresny
57,La Noce Interrompue,Charles DUFRESNY,La Noce Interrompue,Dufresny
58,La Réconciliation Normande,Charles DUFRESNY,La Réconciliation Normande,Dufresny
59,La Pupille,Christophe-Barthélémy FAGAN DE LUGNY,La Pupille,Fagan
60,Agamemnon,Claude BOYER,Agamemnon,Boyer
61,Agamemnon,Claude BOYER,Agamemnon,Sénèque
62,Aristodème,Claude BOYER,Aristodème,Boyer
63,Artaxerce,Claude BOYER,Artaxerce,Boyer
64,Artaxerce,Claude BOYER,Artaxerce,Lemierre
65,Clotilde,Claude BOYER,Clotilde,Boyer
66,Fédéric,Claude BOYER,Fédéric,Boyer
67,Le Jeune Marius,Claude BOYER,Le Jeune Marius,Boyer
68,Judith,Claude BOYER,Judith,Boyer
69,La Mort Des Enfants De Brute,Claude BOYER,La Mort Des Enfants De Brute,Boyer
70,La Porcie Romaine,Claude BOYER,La Porcie Romaine,Boyer
71,Porus,Claude BOYER,Porus,Boyer
72,Tyridate,Claude BOYER,Tyridate,Boyer
73,La Fontaine De Sapience,Claude-Ignace BRUGIÈRE DE BARANTE,La Fontaine De Sapience,Barante
74,Une Nuit De Molière,Clovis HUGHES,Une Nuit De Molière,Hugues
75,Les Agioteurs, DANCOURT,Les Agioteurs,Dancourt
76,Le Bon Soldat, DANCOURT,Le Bon Soldat,Dancourt
77,Les Bourgeoises À La Mode, DANCOURT,Les Bourgeoises À La Mode,Dancourt
78,Céphale Et Procris, DANCOURT,Céphale Et Procris,Dancourt
79,Le Charivari, DANCOURT,Le Charivari,Dancourt
80,Le Chevalier À La Mode, DANCOURT,Le Chevalier À La Mode,Dancourt
81,Colinmaillard, DANCOURT,Colinmaillard,Dancourt
82,La Comédie Des Comédiens, DANCOURT,La Comédie Des Comédiens,Dancourt
83,La Comédie Des Comédiens, DANCOURT,La Comédie Des Comédiens,Scudery
84,Les Curieux De Compiègne, DANCOURT,Les Curieux De Compiègne,Dancourt
85,La Déroute Du Pharaon, DANCOURT,La Déroute Du Pharaon,Dancourt
86,La Désolation Des Joueuses, DANCOURT,La Désolation Des Joueuses,Dancourt
87,Le Diable Boiteux, DANCOURT,Le Diable Boiteux,Dancourt
88,Divertissement De Sceaux, DANCOURT,Divertissement De Sceaux,Dancourt
89,Les Enfants De Paris, DANCOURT,Les Enfants De Paris,Dancourt
90,Les Fées, DANCOURT,Les Fées,Dancourt
91,La Fête De Village, DANCOURT,La Fête De Village,Dancourt
92,La Foire De Besons, DANCOURT,La Foire De Besons,Dancourt
93,La Folle Enchère, DANCOURT,La Folle Enchère,Dancourt
94,Les Fonds Perdus, DANCOURT,Les Fonds Perdus,Dancourt
95,Le Galant Jardinier, DANCOURT,Le Galant Jardinier,Dancourt
96,La Gazette, DANCOURT,La Gazette,Dancourt
97,La Loterie, DANCOURT,La Loterie,Dancourt
98,Madame Artus, DANCOURT,Madame Artus,Dancourt
99,La Maison De Campagne, DANCOURT,La Maison De Campagne,Dancourt
100,Le Mari Retrouvé, DANCOURT,Le Mari Retrouvé,Dancourt
101,Le Moulin De Javelle, DANCOURT,Le Moulin De Javelle,Dancourt
102,La Parisienne, DANCOURT,La Parisienne,Dancourt
103,Renaud Et Armide, DANCOURT,Renaud Et Armide,Dancourt
104,Le Retour Des Officiers, DANCOURT,Le Retour Des Officiers,Dancourt
105,Second Chapitre Du Diable Boiteux, DANCOURT,Second Chapitre Du Diable Boiteux,Dancourt
106,La Trahison Punie, DANCOURT,La Trahison Punie,Dancourt
107,Le Tuteur, DANCOURT,Le Tuteur,Dancourt
108,Les Vacances, DANCOURT,Les Vacances,Dancourt
109,Les Vendanges, DANCOURT,Les Vendanges,Dancourt
110,Les Vendanges De Suresnes, DANCOURT,Les Vendanges De Suresnes,Dancourt
111,Les Vendanges De Suresnes, DANCOURT,Les Vendanges De Suresnes,Du Ryer
112,Le Vertgalant, DANCOURT,Le Vertgalant,Dancourt
113,Les Embarras Du Derrière Du Théâtre,David-Augustin de BRUEYS,Les Embarras Du Derrière Du Théâtre,Brueys
114,Les Empiriques,David Augustin de BRUEYS,Les Empiriques,Brueys
115,Lavocat Patelin,David Augustin de - Jean BRUEYS DE PALAPRAT,Lavocat Patelin,Brueys
116,Le Concert Ridicule,David Augustin de - Jean BRUEYS DE PALAPRAT,Le Concert Ridicule,Brueys
117,Le Muet,David Augustin de - Jean BRUEYS DE PALAPRAT,Le Muet,Palaprat
118,Le Protégé De Molière,Déaddé - Jean-Pierre SAINT-YVES LESGUILLON,Le Protégé De Molière,Lesguillon
119,Cléopâtre,Delphine DE GIRARDIN,Cléopâtre,Benserade
120,Judith,Delphine DE GIRARDIN,Judith,Boyer
121,Les Deux Amis,Denis DIDEROT,Les Deux Amis,Carmontelle
122,Le Fils Naturel,Denis DIDEROT,Le Fils Naturel,Diderot
123,Paradoxe Sur Le Comédien,Denis DIDEROT,Paradoxe Sur Le Comédien,Diderot
124,Le Père De Famille,Denis DIDEROT,Le Père De Famille,Diderot
125,Le Glorieux, DESTOUCHES,Le Glorieux,Néricault-Destouches
126,La Cacophonie, DE BEAUNOIR,La Cacophonie,Beaunoir
127,Les Libellistes, DE BEAUNOIR,Les Libellistes,Beaunoir
128,Le Ramoneur Prince Et Le Prince Ramoneur, DE BEAUNOIR,Le Ramoneur Prince Et Le Prince Ramoneur,Beaunoir
129,Le Sculpteur, DE BEAUNOIR,Le Sculpteur,Beaunoir
130,Les Amours De Trapolin, DORIMOND,Les Amours De Trapolin,Dorimond
131,La Comédie De La Comédie, DORIMOND,La Comédie De La Comédie,Dorimond
132,La Femme Industrieuse, DORIMOND,La Femme Industrieuse,Dorimond
133,Le Festin De Pierre, DORIMOND,Le Festin De Pierre,Corneille
134,Le Festin De Pierre, DORIMOND,Le Festin De Pierre,Deschamps
135,La Comédie Sans Titre,Edme BOURSAULT,La Comédie Sans Titre,Boursault
136,Germanicus,Edme BOURSAULT,Germanicus,Boursault
137,Marie Stuard,Edme BOURSAULT,Marie Stuard,Boursault
138,Le Médecin Volant,Edme BOURSAULT,Le Médecin Volant,Boursault
139,Le Médecin Volant,Edme BOURSAULT,Le Médecin Volant,Molière
140,Méléagre,Edme BOURSAULT,Méléagre,Hardy
141,Méléagre,Edme BOURSAULT,Méléagre,Lagrange-Chancel
142,Le Mort Vivant,Edme BOURSAULT,Le Mort Vivant,Boursault
143,Les Mots À La Mode,Edme BOURSAULT,Les Mots À La Mode,Boursault
144,Le Portrait Du Peintre,Edme BOURSAULT,Le Portrait Du Peintre,Boursault
145,La Satire Des Satires,Edme BOURSAULT,La Satire Des Satires,Boursault
146,Cyrano De Bergerac,Edmond ROSTAND,Cyrano De Bergerac,Rostand
147,La Fille De Molière,Édouard FOURNIER,La Fille De Molière,Fournier
148,Molière Enfant,Édouard VIERNE,Molière Enfant,Vierne
149,Lhabit Vert,Émile - Alfred de AUGIER MUSSET,Lhabit Vert,Musset
150,Molière En Bonne Fortune,Émile BLÉMONT,Molière En Bonne Fortune,Blémont
151,Molière En Bonne Fortune,Émile BLÉMONT,Molière En Bonne Fortune,Blémont
152,La Soubrette De Molière,Émile BLÉMONT,La Soubrette De Molière,Kolb
153,Le Barbier De Pézenas,Émile - Léon BLÉMONT VALADE,Le Barbier De Pézenas,Blémont
154,Thérèse Raquin,Émile ZOLA,Thérèse Raquin,Zola
155,Le Docteur Sans Pareil,Ernest D’HERVILLY,Le Docteur Sans Pareil,Hervilly
156,Le Magister,Ernest D’HERVILLY,Le Magister,Hervilly
157,Le Malade Réel,Ernest D’HERVILLY,Le Malade Réel,Hervilly
158,Molière Et Mignard À Avignon,Eugène DE PRADEL,Molière Et Mignard À Avignon,Pradel
159,Un Trait De Molière,Eugène DE PRADEL,Un Trait De Molière,Pradel
160,Un Coup De Rasoir,Eugène LABICHE,Un Coup De Rasoir,Labiche
161,La Cigale Chez Les Fourmis,Eugène - Albert - Ernest LABICHE MONNIER LEGOUVÉ,La Cigale Chez Les Fourmis,Labiche
162,Le Baron De Fourchevif,Eugène - Alphonse LABICHE JOLLY,Le Baron De Fourchevif,Labiche
163,Brûlons Voltaire,Eugène - Louis LABICHE LEROY,Brûlons Voltaire,Labiche
164,Il Est De La Police,Eugène - Louis LABICHE LEROY,Il Est De La Police,Labiche
165,Les Deux Timides,Eugène - LABICHE MARC-MICHEL,Les Deux Timides,Labiche
166,César,Eugène - Antoine-François SCRIBE VARNER,César,Grévin
167,Les Dervis,Eugène - Germain SCRIBE DELAVIGNE,Les Dervis,Scribe
168,Irène,Eugène - SCRIBE LOCKROY,Irène,Voltaire
169,Le Bon Papa,Eugène - SCRIBE MÉLESVILLE,Le Bon Papa,Garnier
170,Le Moulin De Javelle,Eugène - SCRIBE MÉLESVILLE,Le Moulin De Javelle,Dancourt
171,Les Vêpres Siciliennes,Eugène - SCRIBE MÉLESVILLE,Les Vêpres Siciliennes,Delavigne
172,La Veuve Du Malabar,Eugène - SCRIBE MÉLESVILLE,La Veuve Du Malabar,Lemierre
173,Les Dehors Trompeurs,Eugène - - Charles-Gaspard SCRIBE MÉLESVILLE DELESTRE-POIRSON,Les Dehors Trompeurs,Boissy
174,Le Philinte De Molière, FABRE D’ÉGLANTINE,Le Philinte De Molière,Fabre d'Eglantine
175,Molière Et Montespan,François FABIÉ,Molière Et Montespan,Fabié
176,Lucrèce,François PONSARD,Lucrèce,Arnault
177,Lucrèce,François PONSARD,Lucrèce,Du Ryer
178,Molière À Vienne,François PONSARD,Molière À Vienne,Ponsard
179,Ulysse,François PONSARD,Ulysse,Champrepus
180,Amarillis,François TRISTAN L’HERMITE,Amarillis,Rotrou
181,La Mort De Chrispe,François TRISTAN L’HERMITE,La Mort De Chrispe,Tristan l'Hermite
182,La Mort De Sénèque,François TRISTAN L’HERMITE,La Mort De Sénèque,Tristan l'Hermite
183,Osman,François TRISTAN L’HERMITE,Osman,Tristan l'Hermite
184,Le Parasite,François TRISTAN L’HERMITE,Le Parasite,Tristan l'Hermite
185,Coriolan,Gaspard ABEILLE,Coriolan,Abeille
186,Coriolan,Gaspard ABEILLE,Coriolan,Chevreau
187,Hercule,Gaspard ABEILLE,Hercule,La Thuilerie
188,Lyncée,Gaspard ABEILLE,Lyncée,Abeille
189,Soliman,Gaspard ABEILLE,Soliman,Vion d'Alibray
190,Soliman,Gaspard ABEILLE,Soliman,Jaquelin
191,Soliman,Gaspard ABEILLE,Soliman,La Thuilerie
192,La Bradamante, Sieur de La Calprenède,La Bradamante,La Calprenede
193,Herménégilde, Sieur de La Calprenède,Herménégilde,La Calprenede
194,La Mort De Mitridate, Sieur de La Calprenède,La Mort De Mitridate,La Calprenede
195,Phalante, Sieur de La Calprenède,Phalante,La Calprenede
196,Larticle 330,Georges COURTELINE,Larticle 330,Courteline
197,Les Balances,Georges COURTELINE,Les Balances,Courteline
198,La Conversion Dalceste,Georges COURTELINE,La Conversion Dalceste,Courteline
199,Le Gora,Georges COURTELINE,Le Gora,Courteline
200,Gros Chagrins,Georges COURTELINE,Gros Chagrins,Courteline
201,Monsieur Badin,Georges COURTELINE,Monsieur Badin,Courteline
202,Le Principal Témoin,Georges COURTELINE,Le Principal Témoin,Courteline
203,Théodore Cherche Des Allumettes,Georges COURTELINE,Théodore Cherche Des Allumettes,Courteline
204,Arminius,Georges de SCUDÉRY,Arminius,Campistron
205,La Comédie Des Comédiens,Georges de SCUDÉRY,La Comédie Des Comédiens,Dancourt
206,La Comédie Des Comédiens,Georges de SCUDÉRY,La Comédie Des Comédiens,Scudery
207,Eudoxe,Georges de SCUDÉRY,Eudoxe,Scudery
208,Le Fils Supposé,Georges de SCUDÉRY,Le Fils Supposé,Scudery
209,La Mort De César,Georges de SCUDÉRY,La Mort De César,Barbier
210,La Mort De César,Georges de SCUDÉRY,La Mort De César,Scudery
211,La Mort De César,Georges de SCUDÉRY,La Mort De César,Voltaire
212,Orante,Georges de SCUDÉRY,Orante,Scudery
213,Le Prince Déguisé,Georges de SCUDÉRY,Le Prince Déguisé,Scudery
214,Le Vassal Généreux,Georges de SCUDÉRY,Le Vassal Généreux,Scudery
215,Amour Et Piano,Georges FEYDEAU,Amour Et Piano,Feydeau
216,Aux Antipodes,Georges FEYDEAU,Aux Antipodes,Feydeau
217,Le Billet De Mille,Georges FEYDEAU,Le Billet De Mille,Feydeau
218,Les Célèbres,Georges FEYDEAU,Les Célèbres,Feydeau
219,Le Colis,Georges FEYDEAU,Le Colis,Feydeau
220,Un Coup De Tête,Georges FEYDEAU,Un Coup De Tête,Feydeau
221,Un Coup De Tête,Georges FEYDEAU,Un Coup De Tête,Feydeau
222,Les Enfants,Georges FEYDEAU,Les Enfants,Feydeau
223,Gibier De Potence,Georges FEYDEAU,Gibier De Potence,Feydeau
224,Le Juré,Georges FEYDEAU,Le Juré,Feydeau
225,Jai Mal Aux Dents,Georges FEYDEAU,Jai Mal Aux Dents,Feydeau
226,Un Monsieur Qui Est Condamné À Mort,Georges FEYDEAU,Un Monsieur Qui Est Condamné À Mort,Feydeau
227,Un Monsieur Qui Naime Pas Les Monologues,Georges FEYDEAU,Un Monsieur Qui Naime Pas Les Monologues,Feydeau
228,Le Mouchoir,Georges FEYDEAU,Le Mouchoir,Feydeau
229,Notre Futur,Georges FEYDEAU,Notre Futur,Feydeau
230,La Petite Révoltée,Georges FEYDEAU,La Petite Révoltée,Feydeau
231,Le Petit Ménage,Georges FEYDEAU,Le Petit Ménage,Feydeau
232,Le Potache,Georges FEYDEAU,Le Potache,Feydeau
233,Tout À Brownséquard,Georges FEYDEAU,Tout À Brownséquard,Feydeau
234,Trop Vieux,Georges FEYDEAU,Trop Vieux,Feydeau
235,Le Volontaire,Georges FEYDEAU,Le Volontaire,Feydeau
236,Cest Une Femme Du Monde,Georges - Maurice FEYDEAU DESVALLIÈRES,Cest Une Femme Du Monde,Feydeau
237,Aldo Le Rimeur,George SAND,Aldo Le Rimeur,Sand
238,François Le Champi,George SAND,François Le Champi,Sand
239,Molière,George SAND,Molière,Joliet
240,Molière,George SAND,Molière,Joly
241,Molière,George SAND,Molière,Sand
242,Plutus,George SAND,Plutus,Legrand
243,Le Roi Attend,George SAND,Le Roi Attend,Sand
244,Lamant Qui Ne Flatte Point, HAUTEROCHE,Lamant Qui Ne Flatte Point,Hauteroche
245,Le Cocher Supposé, HAUTEROCHE,Le Cocher Supposé,Hauteroche
246,Le Deuil, HAUTEROCHE,Le Deuil,Hauteroche
247,Le Quinze Janvier,Henri DE BORNIER,Le Quinze Janvier,Bornier
248,La Veuve,Henri - Ludovic MEILHAC HALÉVY,La Veuve,Corneille
249,Le Songe De Molière,Hippolyte MINIER,Le Songe De Molière,Minier
250,Molière À Toulouse,Hippolyte PELLET-DESBARREAUX,Molière À Toulouse,Pellet Desbarreaux
251,Le Favori,Jacques-François ANCELOT,Le Favori,Desjardins
252,Une Séduction,Jacques-François - Hippolyte ANCELOT AUGER,Une Séduction,Ancelot
253,Les Liaisons Dangereuses,Jacques-François - Joseph-Xavier Boniface ANCELOT SAINTINE,Les Liaisons Dangereuses,Moissy
254,Le Centenaire De Molière,Jean-Baptiste ARTAUD,Le Centenaire De Molière,Artaud
255,Achille,Jean de LA FONTAINE,Achille,La Fontaine
256,Astrée,Jean de LA FONTAINE,Astrée,La Fontaine
257,Le Florentin,Jean de - LA FONTAINE CHAMPMESLÉ,Le Florentin,La Fontaine
258,Les Sifflets,Jean DE PALAPRAT,Les Sifflets,Palaprat
259,Amélie,Jean de ROTROU,Amélie,Rotrou
260,Antigone,Jean de ROTROU,Antigone,Beissier
261,Antigone,Jean de ROTROU,Antigone,Doigny du Ponceau
262,Antigone,Jean de ROTROU,Antigone,Rotrou
263,La Bague De Loubli,Jean de ROTROU,La Bague De Loubli,Rotrou
264,Bélisaire,Jean de ROTROU,Bélisaire,Desfontaines
265,Bélisaire,Jean de ROTROU,Bélisaire,d'Ouzicourt
266,La Belle Alphrède,Jean de ROTROU,La Belle Alphrède,Rotrou
267,Les Captifs,Jean de ROTROU,Les Captifs,Rotrou
268,La Céliane,Jean de ROTROU,La Céliane,Rotrou
269,La Célimène,Jean de ROTROU,La Célimène,Rotrou
270,Cléagénor Et Doristée,Jean de ROTROU,Cléagénor Et Doristée,Rotrou
271,Crisante,Jean de ROTROU,Crisante,Rotrou
272,Les Deux Pucelles,Jean de ROTROU,Les Deux Pucelles,Rotrou
273,La Diane,Jean de ROTROU,La Diane,Rotrou
274,Don Lope De Cardone,Jean de ROTROU,Don Lope De Cardone,Rotrou
275,Le Filandre,Jean de ROTROU,Le Filandre,Rotrou
276,Hercule Mourant,Jean de ROTROU,Hercule Mourant,Marmontel
277,Hercule Mourant,Jean de ROTROU,Hercule Mourant,Rotrou
278,Laure Persécutée,Jean de ROTROU,Laure Persécutée,Rotrou
279,Les Occasions Perdues,Jean de ROTROU,Les Occasions Perdues,Rotrou
280,Les Sosies,Jean de ROTROU,Les Sosies,Rotrou
281,Venceslas,Jean de ROTROU,Venceslas,Rotrou
282,Les Amours Du Soleil,Jean DONNEAU DE VISÉ,Les Amours Du Soleil,Donneau de Visé
283,Le Gentilhomme Guespin,Jean DONNEAU DE VISÉ,Le Gentilhomme Guespin,Donneau de Visé
284,Les Intrigues De La Loterie,Jean DONNEAU DE VISÉ,Les Intrigues De La Loterie,Donneau de Visé
285,La Mère Coquette,Jean DONNEAU DE VISÉ,La Mère Coquette,Donneau de Visé
286,La Mère Coquette,Jean DONNEAU DE VISÉ,La Mère Coquette,Quinault
287,La Veuve À La Mode,Jean DONNEAU DE VISÉ,La Veuve À La Mode,Donneau de Visé
288,Zélinde,Jean DONNEAU DE VISÉ,Zélinde,Donneau de Visé
289,Délie,Jean - DONNEAU DE VISÉ CHAMPMESLÉ,Délie,Donneau de Visé
290,Molière Au Théâtre,Jean-François - Auguste BAYARD ROMIEU,Molière Au Théâtre,Bornier
291,Arlequin Mahomet,Jean-François ou le cabriolet volant CAILHAVA DE L’ESTANDOUX,Arlequin Mahomet,Lesage
292,Le Dépit Amoureux,Jean-François CAILHAVA DE L’ESTANDOUX,Le Dépit Amoureux,Molière
293,Le Bal,Jean-François REGNARD,Le Bal,Carmontelle
294,Le Bal,Jean-François REGNARD,Le Bal,Regnard
295,Démocrite,Jean-François REGNARD,Démocrite,Regnard
296,Le Distrait,Jean-François REGNARD,Le Distrait,Carmontelle
297,Le Divorce,Jean-François REGNARD,Le Divorce,Carrance
298,Les Folies Amoureuses,Jean-François REGNARD,Les Folies Amoureuses,Regnard
299,Le Joueur,Jean-François REGNARD,Le Joueur,Regnard
300,Le Retour Imprévu,Jean-François REGNARD,Le Retour Imprévu,Regnard
301,Les Vendanges,Jean-François REGNARD,Les Vendanges,Dancourt
302,Adrien,Jean-Galbert de CAMPISTRON,Adrien,Campistron
303,Alcibiade,Jean-Galbert de CAMPISTRON,Alcibiade,Caminade
304,Alcibiade,Jean-Galbert de CAMPISTRON,Alcibiade,Campistron
305,Andronic,Jean-Galbert de CAMPISTRON,Andronic,Campistron
306,Arminius,Jean-Galbert de CAMPISTRON,Arminius,Campistron
307,Phocion,Jean-Galbert de CAMPISTRON,Phocion,Campistron
308,Tiridate,Jean-Galbert de CAMPISTRON,Tiridate,Campistron
309,Virginie,Jean-Galbert de CAMPISTRON,Virginie,Campistron
310,Amphitryon 38,Jean GIRAUDOUX,Amphitryon 38,Giraudoux
311,Cantique Des Cantiques,Jean GIRAUDOUX,Cantique Des Cantiques,Giraudoux
312,Judith,Jean GIRAUDOUX,Judith,Boyer
313,Ondine,Jean GIRAUDOUX,Ondine,Giraudoux
314,Artaxerxe,Jean MAGNON,Artaxerxe,Magnon
315,Jeanne De Naples,Jean MAGNON,Jeanne De Naples,Magnon
316,Josaphat,Jean MAGNON,Josaphat,Magnon
317,Séjanus,Jean MAGNON,Séjanus,Magnon
318,Alexandre Le Grand,Jean RACINE,Alexandre Le Grand,Racine
319,Alexandre Le Grand,Jean RACINE,Alexandre Le Grand,Racine
320,Andromaque,Jean RACINE,Andromaque,Racine
321,Andromaque,Jean RACINE,Andromaque,Racine
322,Athalie,Jean RACINE,Athalie,Racine
323,Bajazet,Jean RACINE,Bajazet,Racine
324,Bajazet,Jean RACINE,Bajazet,Sommerive
325,Bérénice,Jean RACINE,Bérénice,Corneille
326,Bérénice,Jean RACINE,Bérénice,Du Ryer
327,Bérénice,Jean RACINE,Bérénice,Racine
328,Britannicus,Jean RACINE,Britannicus,Racine
329,Esther,Jean RACINE,Esther,Du Ryer
330,Esther,Jean RACINE,Esther,Nadal
331,Esther,Jean RACINE,Esther,Racine
332,Iphigénie,Jean RACINE,Iphigénie,Leclerc
333,Iphigénie,Jean RACINE,Iphigénie,Racine
334,Iphigénie,Jean RACINE,Iphigénie,Rotrou
335,Mithridate,Jean RACINE,Mithridate,Racine
336,Phèdre,Jean RACINE,Phèdre,Hoffmann
337,Les Plaideurs,Jean RACINE,Les Plaideurs,Racine
338,Les Plaideurs,Jean RACINE,Les Plaideurs,Racine
339,La Thébaïde,Jean RACINE,La Thébaïde,Racine
340,La Thébaïde,Jean RACINE,La Thébaïde,Racine
341,Arlequin Misanthrope,Louis - Charles-Ignace BIANCOLELLI BRUGIÈRE DE BARANTE,Arlequin Misanthrope,Barante
342,Lapologie Du Siècle,Louis DE BOISSY,Lapologie Du Siècle,Boissy
343,Lauteur Superstitieux,Louis DE BOISSY,Lauteur Superstitieux,Boissy
344,Le Babillard,Louis DE BOISSY,Le Babillard,Boissy
345,La Critique,Louis DE BOISSY,La Critique,Boissy
346,Les Dehors Trompeurs,Louis DE BOISSY,Les Dehors Trompeurs,Boissy
347,Le Français À Londres,Louis DE BOISSY,Le Français À Londres,Boissy
348,La Frivolité,Louis DE BOISSY,La Frivolité,Boissy
349,Limpatient,Louis DE BOISSY,Limpatient,Lantier
350,Le Je Ne Sais Quoi,Louis DE BOISSY,Le Je Ne Sais Quoi,Boissy
351,Le Médecin Par Occasion,Louis DE BOISSY,Le Médecin Par Occasion,Boissy
352,Le Plagiaire,Louis DE BOISSY,Le Plagiaire,Boissy
353,Le Rival Favorable,Louis DE BOISSY,Le Rival Favorable,Boissy
354,La Vie Est Un Songe,Louis DE BOISSY,La Vie Est Un Songe,Boissy
355,La Famille Extravagante,Marc-Antoine LEGRAND,La Famille Extravagante,Legrand
356,La Nouveauté,Marc-Antoine LEGRAND,La Nouveauté,Legrand
357,Plutus,Marc-Antoine LEGRAND,Plutus,Legrand
358,Les Acteurs De Bonne Foi, MARIVAUX,Les Acteurs De Bonne Foi,Marivaux
359,Annibal, MARIVAUX,Annibal,Marivaux
360,La Colonie, MARIVAUX,La Colonie,Framery
361,La Colonie, MARIVAUX,La Colonie,Marivaux
362,La Colonie, MARIVAUX,La Colonie,Saint-Foix
363,La Commère, MARIVAUX,La Commère,Marivaux
364,Le Dénouement Imprévu, MARIVAUX,Le Dénouement Imprévu,Marivaux
365,La Dispute, MARIVAUX,La Dispute,Marivaux
366,La Double Inconstance, MARIVAUX,La Double Inconstance,Marivaux
367,Les Fausses Confidences, MARIVAUX,Les Fausses Confidences,Marivaux
368,Félicie, MARIVAUX,Félicie,Marivaux
369,La Femme Fidèle, MARIVAUX,La Femme Fidèle,Marivaux
370,La Joie Imprévue, MARIVAUX,La Joie Imprévue,Marivaux
371,Le Legs, MARIVAUX,Le Legs,Marivaux
372,La Méprise, MARIVAUX,La Méprise,Marivaux
373,La Méprise, MARIVAUX,La Méprise,Sacy
374,La Mère Confidente, MARIVAUX,La Mère Confidente,Marivaux
375,Le Prince Travesti, MARIVAUX,Le Prince Travesti,Marivaux
376,La Provinciale, MARIVAUX,La Provinciale,Marivaux
377,La Réunion Des Amours, MARIVAUX,La Réunion Des Amours,Marivaux
378,Les Serments Indiscrets, MARIVAUX,Les Serments Indiscrets,Marivaux
379,Les Sincères, MARIVAUX,Les Sincères,Marivaux
380,Le Triomphe De Plutus, MARIVAUX,Le Triomphe De Plutus,Marivaux
381,Molière Et Sa Servante,Maurice MILLOT,Molière Et Sa Servante,Millot
382,Les Bracelets,Michel de CUBIÈRES-PALMÉZEAUX,Les Bracelets,Cubières-Palmézeaux
383,La Diligence De Lyon,Michel de CUBIÈRES-PALMÉZEAUX,La Diligence De Lyon,Cubières-Palmézeaux
384,Galathée,Michel de CUBIÈRES- PALMÉZEAUX,Galathée,Cubières-Palmézeaux
385,La Lacrymanie,Michel de CUBIÈRES-PALMÉZEAUX,La Lacrymanie,Cubières-Palmézeaux
386,La Mort De Molière,Michel de CUBIÈRES- PALMÉZEAUX,La Mort De Molière,Cubières-Palmézeaux
387,La Mort De Molière,Michel de CUBIÈRES- PALMÉZEAUX,La Mort De Molière,Cubières-Palmézeaux
388,Oreste Et Les Furies,Michel de CUBIÈRES-PALMÉZEAUX,Oreste Et Les Furies,Cubières-Palmézeaux
389,La Bonne Mère,Michel de  CUBIÈRES-PALMÉZEAUX,La Bonne Mère,Genlis
390,Les Amants Magnifiques, MOLIÈRE,Les Amants Magnifiques,Molière
391,Amphitryon, MOLIÈRE,Amphitryon,Molière
392,Amphitryon, MOLIÈRE,Amphitryon,Plaute
393,Le Bourgeois Gentilhomme, MOLIÈRE,Le Bourgeois Gentilhomme,Molière
394,Le Dépit Amoureux, MOLIÈRE,Le Dépit Amoureux,Molière
395,Don Garcie De Navarre, MOLIÈRE,Don Garcie De Navarre,Molière
396,Don Juan, MOLIÈRE,Don Juan,Molière
397,Les Fâcheux, MOLIÈRE,Les Fâcheux,Molière
398,Les Femmes Savantes, MOLIÈRE,Les Femmes Savantes,Molière
399,Les Fourberies De Scapin, MOLIÈRE,Les Fourberies De Scapin,Molière
400,George Dandin, MOLIÈRE,George Dandin,Molière
401,La Jalousie Du Barbouillé, MOLIÈRE,La Jalousie Du Barbouillé,Molière
402,Le Malade Imaginaire, MOLIÈRE,Le Malade Imaginaire,Molière
403,Le Mariage Forcé, MOLIÈRE,Le Mariage Forcé,Molière
404,Le Médecin Malgré Lui, MOLIÈRE,Le Médecin Malgré Lui,Molière
405,Le Médecin Volant, MOLIÈRE,Le Médecin Volant,Boursault
406,Le Médecin Volant, MOLIÈRE,Le Médecin Volant,Molière
407,Mélicerte, MOLIÈRE,Mélicerte,Molière
408,Le Misanthrope, MOLIÈRE,Le Misanthrope,Molière
409,Monsieur De Pourceaugnac, MOLIÈRE,Monsieur De Pourceaugnac,Molière
410,Les Précieuses Ridicules, MOLIÈRE,Les Précieuses Ridicules,Molière
411,Les Précieuses Ridicules, MOLIÈRE,Les Précieuses Ridicules,Somaize
412,Sganarelle Ou Le Cocu Imaginaire, MOLIÈRE,Sganarelle Ou Le Cocu Imaginaire,Molière
413,Le Sicilien, MOLIÈRE,Le Sicilien,Molière
414,Le Tartuffe, MOLIÈRE,Le Tartuffe,Molière
415,Psyché,- Pierre - Philippe MOLIÈRE CORNEILLE QUINAULT,Psyché,Molière
416,Le Mariage De Rien, MONTFLEURY,Le Mariage De Rien,Montfleury
417,Phèdre Et Hippolyte,Nicolas PRADON,Phèdre Et Hippolyte,Pradon
418,Phèdre Et Hippolyte,Nicolas PRADON,Phèdre Et Hippolyte,Racine
419,Tamerlan,Nicolas PRADON,Tamerlan,Magnon
420,Vieux Ménage,Octave MIRBEAU,Vieux Ménage,Mirbeau
421,Molière Chez Ninon,Olympe de GOUGES,Molière Chez Ninon,Gouges
422,Paris,Paul MEURICE,Paris,Grenet-Dancourt
423,La Fausse Apparence,Paul SCARRON,La Fausse Apparence,Scarron
424,Le Gardien De Soimême,Paul SCARRON,Le Gardien De Soimême,Scarron
425,Jodelet,Paul SCARRON,Jodelet,Dumaniant
426,Le Marquis Ridicule,Paul SCARRON,Le Marquis Ridicule,Scarron
427,Le Prince Corsaire,Paul SCARRON,Le Prince Corsaire,Scarron
428,Alcibiade,Philippe POISSON,Alcibiade,Caminade
429,Alcibiade,Philippe POISSON,Alcibiade,Campistron
430,La Boîte De Pandore,Philippe POISSON,La Boîte De Pandore,Poisson
431,Amalasonte,Philippe QUINAULT,Amalasonte,Quinault
432,Bellérophon,Philippe QUINAULT,Bellérophon,Quinault
433,La Comédie Sans Comédie,Philippe QUINAULT,La Comédie Sans Comédie,Quinault
434,Le Feint Alcibiade,Philippe QUINAULT,Le Feint Alcibiade,Quinault
435,La Généreuse Ingratitude,Philippe QUINAULT,La Généreuse Ingratitude,Quinault
436,La Mère Coquette,Philippe QUINAULT,La Mère Coquette,Donneau de Visé
437,La Mère Coquette,Philippe QUINAULT,La Mère Coquette,Quinault
438,Les Rivales,Philippe QUINAULT,Les Rivales,Quinault
439,Stratonice,Philippe QUINAULT,Stratonice,Quinault
440,Amour Pour Amour,Pierre-Claude NIVELLE DE LA CHAUSSÉE,Amour Pour Amour,Nivelle de la Chaussée
441,La Fausse Antipathie,Pierre-Claude NIVELLE DE LA CHAUSSÉE,La Fausse Antipathie,Nivelle de la Chaussée
442,La Gouvernante,Pierre-Claude NIVELLE DE LA CHAUSSÉE,La Gouvernante,Nivelle de la Chaussée
443,Le Préjugé À La Mode,Pierre-Claude NIVELLE DE LA CHAUSSÉE,Le Préjugé À La Mode,Nivelle de la Chaussée
444,Le Retour Imprévu,Pierre-Claude NIVELLE DE LA CHAUSSÉE,Le Retour Imprévu,Regnard
445,Andromède,Pierre CORNEILLE,Andromède,Corneille
446,Attila,Pierre CORNEILLE,Attila,Corneille
447,Le Cid,Pierre CORNEILLE,Le Cid,Corneille
448,Le Cid,Pierre CORNEILLE,Le Cid,Corneille
449,Cinna,Pierre CORNEILLE,Cinna,Corneille
450,Clitandre,Pierre CORNEILLE,Clitandre,Corneille
451,La Galerie Du Palais,Pierre CORNEILLE,La Galerie Du Palais,Corneille
452,Horace,Pierre CORNEILLE,Horace,Corneille
453,Médée,Pierre CORNEILLE,Médée,Corneille
454,Médée,Pierre CORNEILLE,Médée,Corneille
455,Médée,Pierre CORNEILLE,Médée,Longepierre
456,Médée,Pierre CORNEILLE,Médée,Sénèque
457,Mélite,Pierre CORNEILLE,Mélite,Corneille
458,Le Menteur,Pierre CORNEILLE,Le Menteur,Corneille
459,Le Menteur,Pierre CORNEILLE,Le Menteur,Sacy
460,La Mort De Pompée,Pierre CORNEILLE,La Mort De Pompée,Corneille
461,Nicomède,Pierre CORNEILLE,Nicomède,Corneille
462,Othon,Pierre CORNEILLE,Othon,Corneille
463,Pertharite,Pierre CORNEILLE,Pertharite,Corneille
464,La Place Royale,Pierre CORNEILLE,La Place Royale,Corneille
465,Pulchérie,Pierre CORNEILLE,Pulchérie,Corneille
466,Rodogune,Pierre CORNEILLE,Rodogune,Gilbert
467,Sertorius,Pierre CORNEILLE,Sertorius,Corneille
468,Sophonisbe,Pierre CORNEILLE,Sophonisbe,Corneille
469,Sophonisbe,Pierre CORNEILLE,Sophonisbe,Mairet
470,Sophonisbe,Pierre CORNEILLE,Sophonisbe,Voltaire
471,La Suite Du Menteur,Pierre CORNEILLE,La Suite Du Menteur,Corneille
472,La Suivante,Pierre CORNEILLE,La Suivante,Corneille
473,Tite Et Bérénice,Pierre CORNEILLE,Tite Et Bérénice,Corneille
474,Alcionée,Pierre DU RYER,Alcionée,Du Ryer
475,Anaxandre,Pierre DU RYER,Anaxandre,Du Ryer
476,Bérénice,Pierre DU RYER,Bérénice,Corneille
477,Bérénice,Pierre DU RYER,Bérénice,Du Ryer
478,Bérénice,Pierre DU RYER,Bérénice,Racine
479,Clarigène,Pierre DU RYER,Clarigène,Du Ryer
480,Cléomédon,Pierre DU RYER,Cléomédon,Du Ryer
481,Clitophon,Pierre DU RYER,Clitophon,Du Ryer
482,Dynamis,Pierre DU RYER,Dynamis,Du Ryer
483,Esther,Pierre DU RYER,Esther,Du Ryer
484,Esther,Pierre DU RYER,Esther,Nadal
485,Esther,Pierre DU RYER,Esther,Racine
486,Lisandre Et Caliste,Pierre DU RYER,Lisandre Et Caliste,Du Ryer
487,Lucrèce,Pierre DU RYER,Lucrèce,Arnault
488,Lucrèce,Pierre DU RYER,Lucrèce,Du Ryer
489,Saül,Pierre DU RYER,Saül,Du Ryer
490,Saül,Pierre DU RYER,Saül,Nadal
491,Saül,Pierre DU RYER,Saül,Voltaire
492,Scévole,Pierre DU RYER,Scévole,Du Ryer
493,Thémistocle,Pierre DU RYER,Thémistocle,Du Ryer
494,Thémistocle,Pierre DU RYER,Thémistocle,Folard
495,Idoménée,Prosper Jolyot de CRÉBILLON,Idoménée,Crébillon
496,Idoménée,Prosper Jolyot de CRÉBILLON,Idoménée,Lemierre
497,Atrée Et Thyeste,Prosper Jolyot de CRÉBILLON,Atrée Et Thyeste,Crébillon
498,Catilina,Prosper Jolyot de CRÉBILLON,Catilina,Crébillon
499,Pyrrhus,Prosper Jolyot de CRÉBILLON,Pyrrhus,Crébillon
500,Sémiramis,Prosper Jolyot de CRÉBILLON,Sémiramis,Bideau de Montigny
501,Sémiramis,Prosper Jolyot de CRÉBILLON,Sémiramis,Crébillon
502,Sémiramis,Prosper Jolyot de CRÉBILLON,Sémiramis,Gilbert
503,Sémiramis,Prosper Jolyot de CRÉBILLON,Sémiramis,Voltaire
504,Le Triumvirat,Prosper Jolyot de CRÉBILLON,Le Triumvirat,Crébillon
505,Molière Chez Ninon,René - Jean-Baptiste DE CHAZET DUBOIS,Molière Chez Ninon,Gouges
506,La Mort De Molière,Théophile Marion DUMERSAN,La Mort De Molière,Cubières-Palmézeaux
507,La Mort De Molière,Théophile Marion DUMERSAN,La Mort De Molière,Cubières-Palmézeaux
508,Lamour À La Mode,Thomas CORNEILLE,Lamour À La Mode,Corneille
509,Antiochus,Thomas CORNEILLE,Antiochus,Corneille
510,Antiochus,Thomas CORNEILLE,Antiochus,Nadal
511,Ariane,Thomas CORNEILLE,Ariane,Corneille
512,Le Baron Dalbikrac,Thomas CORNEILLE,Le Baron Dalbikrac,Corneille
513,Bérénice,Thomas CORNEILLE,Bérénice,Corneille
514,Bérénice,Thomas CORNEILLE,Bérénice,Du Ryer
515,Bérénice,Thomas CORNEILLE,Bérénice,Racine
516,Le Berger Extravagant,Thomas CORNEILLE,Le Berger Extravagant,Corneille
517,Le Charme De La Voix,Thomas CORNEILLE,Le Charme De La Voix,Corneille
518,La Comtesse Dorgueil,Thomas CORNEILLE,La Comtesse Dorgueil,Corneille
519,Le Comte Dessex,Thomas CORNEILLE,Le Comte Dessex,Corneille
520,Le Comte Dessex,Thomas CORNEILLE,Le Comte Dessex,La Calprenede
521,Darius,Thomas CORNEILLE,Darius,Corneille
522,Don Bertran De Cigarral,Thomas CORNEILLE,Don Bertran De Cigarral,Corneille
523,Don César Davalos,Thomas CORNEILLE,Don César Davalos,Corneille
524,Les Engagements Du Hasard,Thomas CORNEILLE,Les Engagements Du Hasard,Corneille
525,Le Feint Astrologue,Thomas CORNEILLE,Le Feint Astrologue,Corneille
526,Le Festin De Pierre,Thomas CORNEILLE,Le Festin De Pierre,Corneille
527,Le Festin De Pierre,Thomas CORNEILLE,Le Festin De Pierre,Deschamps
528,Le Galant Doublé,Thomas CORNEILLE,Le Galant Doublé,Corneille
529,Le Geôlier De Soimême,Thomas CORNEILLE,Le Geôlier De Soimême,Corneille
530,Les Illustres Ennemis,Thomas CORNEILLE,Les Illustres Ennemis,Corneille
531,Maximian,Thomas CORNEILLE,Maximian,Corneille
532,La Mort Dachille,Thomas CORNEILLE,La Mort Dachille,Corneille
533,La Mort Dannibal,Thomas CORNEILLE,La Mort Dannibal,Corneille
534,Persée Et Démétrius,Thomas CORNEILLE,Persée Et Démétrius,Corneille
535,Pyrrhus,Thomas CORNEILLE,Pyrrhus,Crébillon
536,Stilicon,Thomas CORNEILLE,Stilicon,Corneille
537,Théodat,Thomas CORNEILLE,Théodat,Corneille
538,Théodat,Thomas CORNEILLE,Théodat,Gourmont
539,Timocrate,Thomas CORNEILLE,Timocrate,Corneille
540,Bradamante,Thomas - Jean CORNEILLE DONNEAU DE VISÉ,Bradamante,Corneille
541,Bradamante,Thomas - Jean CORNEILLE DONNEAU DE VISÉ,Bradamante,Garnier
542,Circé,Thomas - Jean CORNEILLE DONNEAU DE VISÉ,Circé,Corneille
543,La Devineresse,Thomas - Jean CORNEILLE DONNEAU DE VISÉ,La Devineresse,Donneau de Visé
544,Linconnu,Thomas - Jean CORNEILLE DONNEAU DE VISÉ,Linconnu,Corneille
545,Les Pieds Nickelés,Tristan BERNARD,Les Pieds Nickelés,Bernard
546,Cléopâtre,Victorien - Émile SARDOU MOREAU,Cléopâtre,Benserade
547,Les Gueux,Victor HUGO,Les Gueux,Hugo
548,Ruy Blas,Victor HUGO,Ruy Blas,Hugo
549,Sur La Lisière Dun Bois,Victor HUGO,Sur La Lisière Dun Bois,Hugo
550,Adélaïde Du Guesclin, VOLTAIRE,Adélaïde Du Guesclin,Voltaire
551,Agathocle, VOLTAIRE,Agathocle,Voltaire
552,Alzire, VOLTAIRE,Alzire,Voltaire
553,Amélie, VOLTAIRE,Amélie,Rotrou
554,Brutus, VOLTAIRE,Brutus,Bernard
555,Le Comte De Boursoufle, VOLTAIRE,Le Comte De Boursoufle,Voltaire
556,Le Droit Du Seigneur, VOLTAIRE,Le Droit Du Seigneur,Voltaire
557,Le Fanatisme, VOLTAIRE,Le Fanatisme,Voltaire
558,La Femme Qui A Raison, VOLTAIRE,La Femme Qui A Raison,Voltaire
559,Les Guèbres, VOLTAIRE,Les Guèbres,Voltaire
560,Irène, VOLTAIRE,Irène,Voltaire
561,Mariamne, VOLTAIRE,Mariamne,Nadal
562,Mariamne, VOLTAIRE,Mariamne,Voltaire
563,Mérope, VOLTAIRE,Mérope,Voltaire
564,La Mort De César, VOLTAIRE,La Mort De César,Barbier
565,La Mort De César, VOLTAIRE,La Mort De César,Scudery
566,La Mort De César, VOLTAIRE,La Mort De César,Voltaire
567,Nanine, VOLTAIRE,Nanine,Voltaire
568,Olympie, VOLTAIRE,Olympie,Voltaire
569,Oreste, VOLTAIRE,Oreste,Voltaire
570,Rome Sauvée, VOLTAIRE,Rome Sauvée,Voltaire
571,Saül, VOLTAIRE,Saül,Du Ryer
572,Saül, VOLTAIRE,Saül,Nadal
573,Saül, VOLTAIRE,Saül,Voltaire
574,Les Scythes, VOLTAIRE,Les Scythes,Voltaire
575,Sémiramis, VOLTAIRE,Sémiramis,Bideau de Montigny
576,Sémiramis, VOLTAIRE,Sémiramis,Crébillon
577,Sémiramis, VOLTAIRE,Sémiramis,Gilbert
578,Sémiramis, VOLTAIRE,Sémiramis,Voltaire
579,Socrate, VOLTAIRE,Socrate,Voltaire
580,Sophonisbe, VOLTAIRE,Sophonisbe,Corneille
581,Sophonisbe, VOLTAIRE,Sophonisbe,Mairet
582,Sophonisbe, VOLTAIRE,Sophonisbe,Voltaire
583,Tancrède, VOLTAIRE,Tancrède,Voltaire
584,Tanis Et Zélide, VOLTAIRE,Tanis Et Zélide,Voltaire
585,Zaïre, VOLTAIRE,Zaïre,Voltaire
586,Zulime, VOLTAIRE,Zulime,Voltaire
